Repository,Date,Stars
0xPlaygrounds/rig,Fri Jun 07 2024 14:54:20 GMT-0500 (Central Daylight Time),0
0xPlaygrounds/rig,Wed Dec 11 2024 14:35:13 GMT-0600 (Central Standard Time),390
0xPlaygrounds/rig,Thu Dec 12 2024 16:13:14 GMT-0600 (Central Standard Time),630
0xPlaygrounds/rig,Sun Dec 15 2024 01:43:15 GMT-0600 (Central Standard Time),840
0xPlaygrounds/rig,Thu Dec 19 2024 15:00:49 GMT-0600 (Central Standard Time),1080
0xPlaygrounds/rig,Sun Dec 22 2024 10:33:50 GMT-0600 (Central Standard Time),1290
0xPlaygrounds/rig,Tue Dec 24 2024 06:37:45 GMT-0600 (Central Standard Time),1530
0xPlaygrounds/rig,Sun Dec 29 2024 23:20:34 GMT-0600 (Central Standard Time),1740
0xPlaygrounds/rig,Wed Jan 01 2025 11:01:19 GMT-0600 (Central Standard Time),1980
0xPlaygrounds/rig,Mon Jan 06 2025 12:06:20 GMT-0600 (Central Standard Time),2190
0xPlaygrounds/rig,Wed Jan 15 2025 11:25:15 GMT-0600 (Central Standard Time),2430
0xPlaygrounds/rig,Sat Jan 25 2025 11:11:09 GMT-0600 (Central Standard Time),2640
0xPlaygrounds/rig,Thu Feb 13 2025 07:59:34 GMT-0600 (Central Standard Time),2880
0xPlaygrounds/rig,Sat Mar 01 2025 19:20:20 GMT-0600 (Central Standard Time),3090
0xPlaygrounds/rig,Mon Mar 31 2025 22:41:25 GMT-0500 (Central Daylight Time),3330
0xPlaygrounds/rig,Tue Apr 08 2025 12:00:37 GMT-0500 (Central Daylight Time),3372
